﻿<?xml version="1.0" encoding="utf-8"?>
<doc>
  <assembly>
    <name>Microsoft.Owin.Security</name>
  </assembly>
  <members>
    <member name="T:Microsoft.Owin.Security.AppBuilderSecurityExtensions">
      <summary>Proporciona métodos de extensión para valores app.Property que solo son necesarios para implementaciones de middleware de autenticación.</summary>
    </member>
    <member name="M:Microsoft.Owin.Security.AppBuilderSecurityExtensions.GetDefaultSignInAsAuthenticationType(Owin.IAppBuilder)">
      <summary>Devuelve el AuthenticationType definido previamente que debe usar el middleware externo de inicio de sesión cuando el explorador vuelva a la URL de retorno.</summary>
      <param name="app">Generador de aplicaciones pasado al código de inicio de aplicación</param>
    </member>
    <member name="M:Microsoft.Owin.Security.AppBuilderSecurityExtensions.SetDefaultSignInAsAuthenticationType(Owin.IAppBuilder,System.String)">
      <summary>Invocado por el middleware para cambiar el nombre de AuthenticationType que debe usar el middleware externo cuando el explorador vuelva a la URL de retorno.</summary>
      <param name="app">Generador de aplicaciones pasado al código de inicio de aplicación</param>
      <param name="authenticationType">AuthenticationType que debe usar el middleware externo para iniciar sesión.</param>
    </member>
    <member name="T:Microsoft.Owin.Security.AuthenticationMode">
      <summary>Controla el comportamiento del middleware de autenticación</summary>
    </member>
    <member name="F:Microsoft.Owin.Security.AuthenticationMode.Active">
      <summary>En el modo Activo, el middleware de autenticación modificará la identidad del usuario a medida que llegue la solicitud. Además, modificar un mensaje 401 normal a medida que se vaya la respuesta.</summary>
    </member>
    <member name="F:Microsoft.Owin.Security.AuthenticationMode.Passive">
      <summary>En el modo Pasivo, el middleware de autenticación solo proporcionará la identidad de usuario cuando se le solicite y solo modificará las respuestas 401 en las que el tipo de autenticación tenga nombre en los datos de desafío adicional.</summary>
    </member>
    <member name="T:Microsoft.Owin.Security.AuthenticationOptions">
      <summary>Opciones de base para todo el middleware de autenticación</summary>
    </member>
    <member name="M:Microsoft.Owin.Security.AuthenticationOptions.#ctor(System.String)">
      <summary>Inicializar las propiedades de la clase base AuthenticationOptions</summary>
      <param name="authenticationType">Se asigna a la propiedad AuthenticationType</param>
    </member>
    <member name="P:Microsoft.Owin.Security.AuthenticationOptions.AuthenticationMode">
      <summary>Si es activo, el middleware de autenticación modifica el usuario de la solicitud entrante y las respuestas 401 no autorizadas salientes.Si es pasivo, el middleware de autenticación solo proporcionará la identidad y modificará las respuestas cuando el objeto AuthenticationType lo indique explícitamente.</summary>
    </member>
    <member name="P:Microsoft.Owin.Security.AuthenticationOptions.AuthenticationType">
      <summary>El objeto AuthenticationType en las opciones corresponde a la propiedad IIdentity AuthenticationType.Se puede asignar un valor diferente para utilizar el mismo tipo de middleware de autenticación más de una vez en una canalización.</summary>
    </member>
    <member name="P:Microsoft.Owin.Security.AuthenticationOptions.Description">
      <summary>Información adicional sobre el tipo de autenticación que se pone a disposición de la aplicación.</summary>
    </member>
    <member name="T:Microsoft.Owin.Security.AuthenticationTicket">
      <summary>Contiene información de identidad del usuario, así como el estado de autenticación adicional.</summary>
    </member>
    <member name="M:Microsoft.Owin.Security.AuthenticationTicket.#ctor(System.Security.Claims.ClaimsIdentity,Microsoft.Owin.Security.AuthenticationProperties)">
      <summary>Inicializa una nueva instancia de la clase <see cref="T:Microsoft.Owin.Security.AuthenticationTicket" />.</summary>
    </member>
    <member name="P:Microsoft.Owin.Security.AuthenticationTicket.Identity">
      <summary>Obtiene la identidad del usuario autenticado.</summary>
    </member>
    <member name="P:Microsoft.Owin.Security.AuthenticationTicket.Properties">
      <summary>Valores de estado adicionales para la sesión de autenticación.</summary>
    </member>
    <member name="T:Microsoft.Owin.Security.CertificateSubjectKeyIdentifierValidator">
      <summary>Proporciona validación de certificados anclados a partir del identificador clave de sujeto del certificado.</summary>
    </member>
    <member name="M:Microsoft.Owin.Security.CertificateSubjectKeyIdentifierValidator.#ctor(System.Collections.Generic.IEnumerable{System.String})">
      <summary>Inicializa una nueva instancia de la clase <see cref="T:Microsoft.Owin.Security.CertificateSubjectKeyIdentifierValidator" />.</summary>
      <param name="validSubjectKeyIdentifiers">Conjunto de identificadores clave de sujeto válidos para una solicitud HTTPS.</param>
    </member>
    <member name="M:Microsoft.Owin.Security.CertificateSubjectKeyIdentifierValidator.Validate(System.Object,System.Security.Cryptography.X509Certificates.X509Certificate,System.Security.Cryptography.X509Certificates.X509Chain,System.Net.Security.SslPolicyErrors)">
      <summary>Comprueba el certificado de Capa de sockets seguros (SSL) remoto que se usa para la autenticación.</summary>
      <returns>Valor booleano que determina si el certificado especificado se acepta para la autenticación.</returns>
      <param name="sender">Objeto que contiene la información de estado para esta validación.</param>
      <param name="certificate">Certificado que se usa para autenticar la entidad remota.</param>
      <param name="chain">Cadena de entidades de certificación asociadas al certificado remoto.</param>
      <param name="sslPolicyErrors">Uno o más errores asociados al certificado remoto.</param>
    </member>
    <member name="T:Microsoft.Owin.Security.CertificateSubjectPublicKeyInfoValidator">
      <summary>Implementa un validador de anclaje de certificados que se pasa en http://datatracker.ietf.org/doc/draft-ietf-websec-key-pinning/?include_text=1</summary>
    </member>
    <member name="M:Microsoft.Owin.Security.CertificateSubjectPublicKeyInfoValidator.#ctor(System.Collections.Generic.IEnumerable{System.String},Microsoft.Owin.Security.SubjectPublicKeyInfoAlgorithm)">
      <summary>Inicializa una nueva instancia de la clase <see cref="T:Microsoft.Owin.Security.CertificateSubjectPublicKeyInfoValidator" />.</summary>
      <param name="validBase64EncodedSubjectPublicKeyInfoHashes">Colección de hash con codificación base64 válidos del blob de información de clave pública de certificado.</param>
      <param name="algorithm">Algoritmo que se usa para generar hash.</param>
    </member>
    <member name="M:Microsoft.Owin.Security.CertificateSubjectPublicKeyInfoValidator.Validate(System.Object,System.Security.Cryptography.X509Certificates.X509Certificate,System.Security.Cryptography.X509Certificates.X509Chain,System.Net.Security.SslPolicyErrors)">
      <summary>Valida al menos un hash SPKI conocido.</summary>
      <returns>Valor booleano que determina si el certificado especificado se acepta para la autenticación.</returns>
      <param name="sender">Objeto que contiene la información de estado para esta validación.</param>
      <param name="certificate">Certificado que se usa para autenticar la entidad remota.</param>
      <param name="chain">Cadena de entidades de certificación asociadas al certificado remoto.</param>
      <param name="sslPolicyErrors">Uno o más errores asociados al certificado remoto.</param>
    </member>
    <member name="T:Microsoft.Owin.Security.CertificateThumbprintValidator">
      <summary>Proporciona la validación de certificados anclados en función de la huella digital del certificado.</summary>
    </member>
    <member name="M:Microsoft.Owin.Security.CertificateThumbprintValidator.#ctor(System.Collections.Generic.IEnumerable{System.String})">
      <summary>Inicializa una nueva instancia de la clase <see cref="T:Microsoft.Owin.Security.CertificateThumbprintValidator" />.</summary>
      <param name="validThumbprints">Conjunto de huellas digitales que son válidas para una solicitud HTTPS.</param>
    </member>
    <member name="M:Microsoft.Owin.Security.CertificateThumbprintValidator.Validate(System.Object,System.Security.Cryptography.X509Certificates.X509Certificate,System.Security.Cryptography.X509Certificates.X509Chain,System.Net.Security.SslPolicyErrors)">
      <summary>Comprueba que las huellas digitales de certificado de la cadena de firma coinciden al menos con una huella digital permitida.</summary>
      <returns>Valor booleano que determina si el certificado especificado se acepta para la autenticación.</returns>
      <param name="sender">Objeto que contiene la información de estado para esta validación.</param>
      <param name="certificate">Certificado que se usa para autenticar la entidad remota.</param>
      <param name="chain">Cadena de entidades de certificación asociadas al certificado remoto.</param>
      <param name="sslPolicyErrors">Uno o más errores asociados al certificado remoto.</param>
    </member>
    <member name="T:Microsoft.Owin.Security.ICertificateValidator">
      <summary>Interfaz que proporciona la validación del certificado anclado, lo que comprueba la comunicación HTTPS en una lista de certificados válida conocida para proteger frente a los certificados de entidades de CA confidenciales o no autorizadas para los hosts sin el conocimiento del propietario del host.</summary>
    </member>
    <member name="M:Microsoft.Owin.Security.ICertificateValidator.Validate(System.Object,System.Security.Cryptography.X509Certificates.X509Certificate,System.Security.Cryptography.X509Certificates.X509Chain,System.Net.Security.SslPolicyErrors)">
      <summary>Comprueba el certificado de Capa de sockets seguros (SSL) remoto que se usa para la autenticación.</summary>
      <returns>Valor booleano que determina si el certificado especificado se acepta para la autenticación.</returns>
      <param name="sender">Objeto que contiene la información de estado para esta validación.</param>
      <param name="certificate">Certificado que se usa para autenticar la entidad remota.</param>
      <param name="chain">Cadena de entidades de certificación asociadas al certificado remoto.</param>
      <param name="sslPolicyErrors">Uno o más errores asociados al certificado remoto.</param>
    </member>
    <member name="T:Microsoft.Owin.Security.ISecureDataFormat`1">
      <summary>Representa los datos que se protegerán.</summary>
      <typeparam name="TData">Datos de tipo genérico.</typeparam>
    </member>
    <member name="M:Microsoft.Owin.Security.ISecureDataFormat`1.Protect(`0)">
      <summary>Protege datos para que no se puedan formatear.</summary>
      <returns>Datos que se protegerán.</returns>
      <param name="data">Los datos.</param>
    </member>
    <member name="M:Microsoft.Owin.Security.ISecureDataFormat`1.Unprotect(System.String)">
      <summary>Descifra los datos de un texto específico.</summary>
      <returns>Datos que se descifrarán.</returns>
      <param name="protectedText">Texto protegido.</param>
    </member>
    <member name="T:Microsoft.Owin.Security.SubjectPublicKeyInfoAlgorithm">
      <summary>Algoritmo usado para generar hashes de blob de información de clave pública de sujeto.</summary>
    </member>
    <member name="F:Microsoft.Owin.Security.SubjectPublicKeyInfoAlgorithm.Sha1">
      <summary />
    </member>
    <member name="F:Microsoft.Owin.Security.SubjectPublicKeyInfoAlgorithm.Sha256">
      <summary />
    </member>
    <member name="T:Microsoft.Owin.Security.DataHandler.PropertiesDataFormat"></member>
    <member name="M:Microsoft.Owin.Security.DataHandler.PropertiesDataFormat.#ctor(Microsoft.Owin.Security.DataProtection.IDataProtector)"></member>
    <member name="T:Microsoft.Owin.Security.DataHandler.SecureDataFormat`1">
      <typeparam name="TData"></typeparam>
    </member>
    <member name="M:Microsoft.Owin.Security.DataHandler.SecureDataFormat`1.#ctor(Microsoft.Owin.Security.DataHandler.Serializer.IDataSerializer{`0},Microsoft.Owin.Security.DataProtection.IDataProtector,Microsoft.Owin.Security.DataHandler.Encoder.ITextEncoder)"></member>
    <member name="M:Microsoft.Owin.Security.DataHandler.SecureDataFormat`1.Protect(`0)"></member>
    <member name="M:Microsoft.Owin.Security.DataHandler.SecureDataFormat`1.Unprotect(System.String)"></member>
    <member name="T:Microsoft.Owin.Security.DataHandler.TicketDataFormat"></member>
    <member name="M:Microsoft.Owin.Security.DataHandler.TicketDataFormat.#ctor(Microsoft.Owin.Security.DataProtection.IDataProtector)"></member>
    <member name="T:Microsoft.Owin.Security.DataHandler.Encoder.Base64TextEncoder">
      <summary>Representa un codificador de formato base64 de texto.</summary>
    </member>
    <member name="M:Microsoft.Owin.Security.DataHandler.Encoder.Base64TextEncoder.#ctor">
      <summary>Inicializa una nueva instancia de la clase <see cref="T:Microsoft.Owin.Security.DataHandler.Encoder.Base64TextEncoder" />.</summary>
    </member>
    <member name="M:Microsoft.Owin.Security.DataHandler.Encoder.Base64TextEncoder.Decode(System.String)">
      <summary>Descodifica el texto especificado.</summary>
      <returns>Un objeto <see cref="T:System.Byte" /> que representa los datos descodificados.</returns>
      <param name="text">El texto que se va a descodificar.</param>
    </member>
    <member name="M:Microsoft.Owin.Security.DataHandler.Encoder.Base64TextEncoder.Encode(System.Byte[])">
      <summary>Convierte datos a una cadena en el formato base64.</summary>
      <returns>Una cadena de datos convertida en formato base64.</returns>
      <param name="data">Los datos que se deben convertir.</param>
    </member>
    <member name="T:Microsoft.Owin.Security.DataHandler.Encoder.Base64UrlTextEncoder">
      <summary>Representa un codificador de formato Base64Url de texto.</summary>
    </member>
    <member name="M:Microsoft.Owin.Security.DataHandler.Encoder.Base64UrlTextEncoder.#ctor">
      <summary>Inicializa una nueva instancia de la clase <see cref="T:Microsoft.Owin.Security.DataHandler.Encoder.Base64UrlTextEncoder" />.</summary>
    </member>
    <member name="M:Microsoft.Owin.Security.DataHandler.Encoder.Base64UrlTextEncoder.Decode(System.String)">
      <summary>Descodifica el texto especificado.</summary>
      <returns>Un objeto <see cref="T:System.Byte" /> que representa los datos descodificados.</returns>
      <param name="text">El texto que se va a descodificar.</param>
    </member>
    <member name="M:Microsoft.Owin.Security.DataHandler.Encoder.Base64UrlTextEncoder.Encode(System.Byte[])">
      <summary>Convierte datos a una cadena en el formato Base64Url.</summary>
      <returns>Una cadena de datos convertida en formato Base64Url.</returns>
      <param name="data">Los datos que se deben convertir.</param>
    </member>
    <member name="T:Microsoft.Owin.Security.DataHandler.Encoder.ITextEncoder">
      <summary>Representa una interfaz para el codificador de texto.</summary>
    </member>
    <member name="M:Microsoft.Owin.Security.DataHandler.Encoder.ITextEncoder.Decode(System.String)">
      <summary>Descodifica el texto especificado.</summary>
      <returns>Un objeto <see cref="T:System.Byte" /> que representa los datos descodificados.</returns>
      <param name="text">El texto que se va a descodificar.</param>
    </member>
    <member name="M:Microsoft.Owin.Security.DataHandler.Encoder.ITextEncoder.Encode(System.Byte[])">
      <summary>Convierte datos en una cadena.</summary>
      <returns>Una cadena de datos convertidos.</returns>
      <param name="data">Los datos que se deben convertir.</param>
    </member>
    <member name="T:Microsoft.Owin.Security.DataHandler.Encoder.TextEncodings">
      <summary>Representa las codificaciones de texto.</summary>
    </member>
    <member name="P:Microsoft.Owin.Security.DataHandler.Encoder.TextEncodings.Base64">
      <summary>Obtiene un codificador de Base64.</summary>
      <returns>Un codificador de Base64.</returns>
    </member>
    <member name="P:Microsoft.Owin.Security.DataHandler.Encoder.TextEncodings.Base64Url">
      <summary>Obtiene un codificador de Base64Url.</summary>
      <returns>Un codificador de Base64Url.</returns>
    </member>
    <member name="T:Microsoft.Owin.Security.DataHandler.Serializer.DataSerializers">
      <summary>Proporciona serializadores de datos.</summary>
    </member>
    <member name="P:Microsoft.Owin.Security.DataHandler.Serializer.DataSerializers.Properties"></member>
    <member name="P:Microsoft.Owin.Security.DataHandler.Serializer.DataSerializers.Ticket">
      <summary>Obtiene o establece el serializador de datos de vale.</summary>
      <returns>El serializador de datos de vale.</returns>
    </member>
    <member name="T:Microsoft.Owin.Security.DataHandler.Serializer.IDataSerializer`1">
      <summary>Representa una interfaz para el serializador de datos.</summary>
      <typeparam name="TModel">El tipo de modelo de los datos.</typeparam>
    </member>
    <member name="M:Microsoft.Owin.Security.DataHandler.Serializer.IDataSerializer`1.Deserialize(System.Byte[])">
      <summary>Deserializa los datos especificados.</summary>
      <param name="data">Los datos que se van a deserializar.</param>
    </member>
    <member name="M:Microsoft.Owin.Security.DataHandler.Serializer.IDataSerializer`1.Serialize(`0)">
      <summary>Serializa datos con un modelo dado.</summary>
      <param name="model">El modelo de datos.</param>
    </member>
    <member name="T:Microsoft.Owin.Security.DataHandler.Serializer.PropertiesSerializer"></member>
    <member name="M:Microsoft.Owin.Security.DataHandler.Serializer.PropertiesSerializer.#ctor"></member>
    <member name="M:Microsoft.Owin.Security.DataHandler.Serializer.PropertiesSerializer.Deserialize(System.Byte[])"></member>
    <member name="M:Microsoft.Owin.Security.DataHandler.Serializer.PropertiesSerializer.Read(System.IO.BinaryReader)"></member>
    <member name="M:Microsoft.Owin.Security.DataHandler.Serializer.PropertiesSerializer.Serialize(Microsoft.Owin.Security.AuthenticationProperties)"></member>
    <member name="M:Microsoft.Owin.Security.DataHandler.Serializer.PropertiesSerializer.Write(System.IO.BinaryWriter,Microsoft.Owin.Security.AuthenticationProperties)"></member>
    <member name="T:Microsoft.Owin.Security.DataHandler.Serializer.TicketSerializer">
      <summary>Representa un serializador de vale.</summary>
    </member>
    <member name="M:Microsoft.Owin.Security.DataHandler.Serializer.TicketSerializer.#ctor">
      <summary>Inicializa una nueva instancia de la clase <see cref="T:Microsoft.Owin.Security.DataHandler.Serializer.TicketSerializer" />.</summary>
    </member>
    <member name="M:Microsoft.Owin.Security.DataHandler.Serializer.TicketSerializer.Deserialize(System.Byte[])">
      <summary>Deserializa los datos de vale.</summary>
      <returns>Los datos que se deserializan.</returns>
      <param name="data">Los datos que se van a deserializar.</param>
    </member>
    <member name="M:Microsoft.Owin.Security.DataHandler.Serializer.TicketSerializer.Read(System.IO.BinaryReader)">
      <summary>Lee los datos especificados desde el lector.</summary>
      <returns>Los datos que se están leyendo.</returns>
      <param name="reader">El lector desde el que hacer la lectura.</param>
    </member>
    <member name="M:Microsoft.Owin.Security.DataHandler.Serializer.TicketSerializer.Serialize(Microsoft.Owin.Security.AuthenticationTicket)">
      <summary>Serializa datos con un modelo dado.</summary>
      <param name="model">El modelo de datos.</param>
    </member>
    <member name="M:Microsoft.Owin.Security.DataHandler.Serializer.TicketSerializer.Write(System.IO.BinaryWriter,Microsoft.Owin.Security.AuthenticationTicket)">
      <summary>Escribe datos desde el grabador especificado.</summary>
      <param name="writer">El grabador.</param>
      <param name="model">El modelo de datos.</param>
    </member>
    <member name="T:Microsoft.Owin.Security.DataProtection.AppBuilderExtensions">
      <summary>Extensiones del generador de aplicaciones.</summary>
    </member>
    <member name="M:Microsoft.Owin.Security.DataProtection.AppBuilderExtensions.CreateDataProtector(Owin.IAppBuilder,System.String[])">
      <summary>Crea un protector de datos.</summary>
      <returns>El objeto <see cref="T:Microsoft.Owin.Security.DataProtection.IDataProtector" /> creado.</returns>
      <param name="app">El generador de aplicación.</param>
      <param name="purposes">Lista de propósitos para crear el protector de datos.</param>
    </member>
    <member name="M:Microsoft.Owin.Security.DataProtection.AppBuilderExtensions.GetDataProtectionProvider(Owin.IAppBuilder)">
      <summary>Recupera un proveedor de protección de datos para la aplicación.</summary>
      <returns>Objeto <see cref="T:Microsoft.Owin.Security.DataProtection.IDataProtectionProvider" /> que se obtendrá.</returns>
      <param name="app">El generador de aplicación.</param>
    </member>
    <member name="M:Microsoft.Owin.Security.DataProtection.AppBuilderExtensions.SetDataProtectionProvider(Owin.IAppBuilder,Microsoft.Owin.Security.DataProtection.IDataProtectionProvider)">
      <summary>Establece un proveedor de protección de datos.</summary>
      <param name="app">El generador de aplicación.</param>
      <param name="dataProtectionProvider">Proveedor de protección de datos que se establecerá.</param>
    </member>
    <member name="T:Microsoft.Owin.Security.DataProtection.DpapiDataProtectionProvider">
      <summary>Se utiliza para proporcionar los servicios de protección de datos que se derivan de la API de protección de datos.Se trata de la mejor opción de protección de datos cuando la aplicación no se hospeda en ASP.NET y todos los procesos se ejecutan en la misma identidad de dominios.</summary>
    </member>
    <member name="M:Microsoft.Owin.Security.DataProtection.DpapiDataProtectionProvider.#ctor">
      <summary>Inicializa un DpapiDataProtectionProvider nuevo con un nombre de aplicación aleatorio.Esto solo resulta útil para proteger los datos mientras se ejecute la aplicación actual.</summary>
    </member>
    <member name="M:Microsoft.Owin.Security.DataProtection.DpapiDataProtectionProvider.#ctor(System.String)">
      <summary>Inicializa un DpapiDataProtectionProvider nuevo que usa el valor de appName dado como parte del algoritmo de protección</summary>
      <param name="appName">Valor proporcionado por el usuario necesario para que los datos protegidos realicen el recorrido de ida y vuelta.El valor predeterminado procede de IAppBuilder.Properties["owin.AppName"] cuando se autohospeda.</param>
    </member>
    <member name="M:Microsoft.Owin.Security.DataProtection.DpapiDataProtectionProvider.Create(System.String[])">
      <summary>Devuelve una nueva instancia del objeto IDataProtection del proveedor.</summary>
      <returns>Instancia de un servicio de protección de datos</returns>
      <param name="purposes">La entropía adicional que se utiliza para garantizar que los datos protegidos solo se pueden desproteger por los motivos adecuados.</param>
    </member>
    <member name="T:Microsoft.Owin.Security.DataProtection.IDataProtectionProvider">
      <summary> El generador que se usa para crear las instancias de IDataProtection.</summary>
    </member>
    <member name="M:Microsoft.Owin.Security.DataProtection.IDataProtectionProvider.Create(System.String[])">
      <summary> Devuelve una nueva instancia del objeto IDataProtection del proveedor. </summary>
      <returns>Una instancia de un servicio de protección de datos.</returns>
      <param name="purposes">La entropía adicional que se utiliza para garantizar que los datos protegidos solo se pueden desproteger por los motivos adecuados.</param>
    </member>
    <member name="T:Microsoft.Owin.Security.DataProtection.IDataProtector">
      <summary> El servicio que se usa para proteger y desproteger los datos.</summary>
    </member>
    <member name="M:Microsoft.Owin.Security.DataProtection.IDataProtector.Protect(System.Byte[])">
      <summary> Se llama para proteger los datos de usuario.</summary>
      <param name="userData">Los datos originales que se deben proteger.</param>
    </member>
    <member name="M:Microsoft.Owin.Security.DataProtection.IDataProtector.Unprotect(System.Byte[])">
      <summary> Se llama para desproteger los datos de usuario.</summary>
      <param name="protectedData">La matriz de bytes que se devuelve con una llamada a Protect en un servicio IDataProtection idéntico.</param>
    </member>
    <member name="T:Microsoft.Owin.Security.Infrastructure.AuthenticationHandler">
      <summary> La clase base para el trabajo por solicitud que realiza el middleware de autenticación. </summary>
    </member>
    <member name="M:Microsoft.Owin.Security.Infrastructure.AuthenticationHandler.#ctor">
      <summary>Inicializa una nueva instancia de la clase <see cref="T:Microsoft.Owin.Security.Infrastructure.AuthenticationHandler" />.</summary>
    </member>
    <member name="M:Microsoft.Owin.Security.Infrastructure.AuthenticationHandler.ApplyResponseChallengeAsync">
      <summary>Invalide este método para resolver desafíos 401, si un esquema de autenticación conlleva una interacción de autenticación como parte de su flujo de solicitud,como agregar un encabezado de respuesta o cambiar el resultado 401 a 302 de una página de inicio de sesión o una ubicación externa de inicio de sesión.</summary>
    </member>
    <member name="M:Microsoft.Owin.Security.Infrastructure.AuthenticationHandler.ApplyResponseCoreAsync">
      <summary>Método principal que un controlador puede invalidar.El comportamiento predeterminado es llamar a dos actividades de respuesta comunes, una para inicios y cierres de sesión, y otra para desafíos 401.</summary>
    </member>
    <member name="M:Microsoft.Owin.Security.Infrastructure.AuthenticationHandler.ApplyResponseGrantAsync">
      <summary>Invalide este método para resolver inicios y cierres de sesión, si un esquema de autenticación incluye conceder o revocar permisos como parte de su flujo de solicitud,como establecer o eliminar cookies.</summary>
    </member>
    <member name="M:Microsoft.Owin.Security.Infrastructure.AuthenticationHandler.AuthenticateAsync">
      <summary>Hace que se ejecute la lógica de autenticación de AuthenticateCore para la solicitud actual solo una vez y devuelve el resultado.Si se llama a Authenticate más de una vez, devolverá siempre el valor original.Debe llamarse siempre a este método en lugar de llamar a AuthenticateCore directamente.</summary>
      <returns>Datos del vale proporcionados por la lógica de autenticación</returns>
    </member>
    <member name="M:Microsoft.Owin.Security.Infrastructure.AuthenticationHandler.AuthenticateCoreAsync">
      <summary>Lógica de autenticación principal que debe proporcionar el controlador.Se llamará solo una vez por solicitud.No debe llamarse directamente. Llame al método contenedor Authenticate en su lugar.</summary>
      <returns>Datos del vale proporcionados por la lógica de autenticación</returns>
    </member>
    <member name="M:Microsoft.Owin.Security.Infrastructure.AuthenticationHandler.BaseInitializeAsync(Microsoft.Owin.Security.AuthenticationOptions,Microsoft.Owin.IOwinContext)"></member>
    <member name="P:Microsoft.Owin.Security.Infrastructure.AuthenticationHandler.Context"></member>
    <member name="M:Microsoft.Owin.Security.Infrastructure.AuthenticationHandler.GenerateCorrelationId(Microsoft.Owin.Security.AuthenticationProperties)"></member>
    <member name="P:Microsoft.Owin.Security.Infrastructure.AuthenticationHandler.Helper"></member>
    <member name="M:Microsoft.Owin.Security.Infrastructure.AuthenticationHandler.InitializeCoreAsync"></member>
    <member name="M:Microsoft.Owin.Security.Infrastructure.AuthenticationHandler.InvokeAsync">
      <summary>El código común lo llama una vez después de la inicialización.Si un middleware de autenticación responde directamente a rutas de acceso conocidas específicamente, debe invalidar este elemento virtual, comparar la ruta de acceso de la solicitud con sus rutas de acceso conocidas, proporcionar cualquier información de respuesta según proceda y true para detener el procesamiento.</summary>
      <returns>Si devuelve false, el código común llamará al siguiente middleware de la línea.Si devuelve true, el código común comenzará la finalización asincrónica del proceso sin llamar al resto de la canalización de middleware.</returns>
    </member>
    <member name="P:Microsoft.Owin.Security.Infrastructure.AuthenticationHandler.Request"></member>
    <member name="P:Microsoft.Owin.Security.Infrastructure.AuthenticationHandler.RequestPathBase"></member>
    <member name="P:Microsoft.Owin.Security.Infrastructure.AuthenticationHandler.Response"></member>
    <member name="M:Microsoft.Owin.Security.Infrastructure.AuthenticationHandler.TeardownCoreAsync"></member>
    <member name="M:Microsoft.Owin.Security.Infrastructure.AuthenticationHandler.ValidateCorrelationId(Microsoft.Owin.Security.AuthenticationProperties,Microsoft.Owin.Logging.ILogger)"></member>
    <member name="T:Microsoft.Owin.Security.Infrastructure.AuthenticationHandler`1">
      <summary>La clase base para el trabajo por solicitud que realiza el middleware de autenticación.</summary>
      <typeparam name="TOptions">Especifica el tipo de la propiedad AuthenticationOptions</typeparam>
    </member>
    <member name="M:Microsoft.Owin.Security.Infrastructure.AuthenticationHandler`1.#ctor">
      <summary>Inicializa una nueva instancia de la clase <see cref="T:Microsoft.Owin.Security.Infrastructure.AuthenticationHandler`1" />.</summary>
    </member>
    <member name="P:Microsoft.Owin.Security.Infrastructure.AuthenticationHandler`1.Options"></member>
    <member name="T:Microsoft.Owin.Security.Infrastructure.AuthenticationMiddleware`1">
      <summary>Representa un middleware de autenticación.</summary>
      <typeparam name="TOptions">Opciones del tipo de autenticación.</typeparam>
    </member>
    <member name="M:Microsoft.Owin.Security.Infrastructure.AuthenticationMiddleware`1.#ctor(Microsoft.Owin.OwinMiddleware,`0)">
      <summary>Inicializa una nueva instancia de la clase <see cref="T:Microsoft.Owin.Security.Infrastructure.AuthenticationMiddleware`1" />.</summary>
      <param name="next">Siguiente middleware OWIN.</param>
      <param name="options">Opciones de autenticación.</param>
    </member>
    <member name="M:Microsoft.Owin.Security.Infrastructure.AuthenticationMiddleware`1.CreateHandler">
      <summary>Crea un controlador de autenticación.</summary>
      <returns>Objeto <see cref="T:Microsoft.Owin.Security.Infrastructure.AuthenticationHandler`1" /> creado.</returns>
    </member>
    <member name="M:Microsoft.Owin.Security.Infrastructure.AuthenticationMiddleware`1.Invoke(Microsoft.Owin.IOwinContext)"></member>
    <member name="P:Microsoft.Owin.Security.Infrastructure.AuthenticationMiddleware`1.Options">
      <summary>Obtiene o establece las opciones de autenticación.</summary>
      <returns>Tarea que completa la autenticación.</returns>
    </member>
    <member name="T:Microsoft.Owin.Security.Infrastructure.AuthenticationTokenCreateContext"></member>
    <member name="M:Microsoft.Owin.Security.Infrastructure.AuthenticationTokenCreateContext.#ctor(Microsoft.Owin.IOwinContext,Microsoft.Owin.Security.ISecureDataFormat{Microsoft.Owin.Security.AuthenticationTicket},Microsoft.Owin.Security.AuthenticationTicket)"></member>
    <member name="M:Microsoft.Owin.Security.Infrastructure.AuthenticationTokenCreateContext.SerializeTicket"></member>
    <member name="M:Microsoft.Owin.Security.Infrastructure.AuthenticationTokenCreateContext.SetToken(System.String)"></member>
    <member name="P:Microsoft.Owin.Security.Infrastructure.AuthenticationTokenCreateContext.Ticket"></member>
    <member name="P:Microsoft.Owin.Security.Infrastructure.AuthenticationTokenCreateContext.Token"></member>
    <member name="T:Microsoft.Owin.Security.Infrastructure.AuthenticationTokenProvider"></member>
    <member name="M:Microsoft.Owin.Security.Infrastructure.AuthenticationTokenProvider.#ctor"></member>
    <member name="M:Microsoft.Owin.Security.Infrastructure.AuthenticationTokenProvider.Create(Microsoft.Owin.Security.Infrastructure.AuthenticationTokenCreateContext)"></member>
    <member name="M:Microsoft.Owin.Security.Infrastructure.AuthenticationTokenProvider.CreateAsync(Microsoft.Owin.Security.Infrastructure.AuthenticationTokenCreateContext)"></member>
    <member name="P:Microsoft.Owin.Security.Infrastructure.AuthenticationTokenProvider.OnCreate"></member>
    <member name="P:Microsoft.Owin.Security.Infrastructure.AuthenticationTokenProvider.OnCreateAsync"></member>
    <member name="P:Microsoft.Owin.Security.Infrastructure.AuthenticationTokenProvider.OnReceive"></member>
    <member name="P:Microsoft.Owin.Security.Infrastructure.AuthenticationTokenProvider.OnReceiveAsync"></member>
    <member name="M:Microsoft.Owin.Security.Infrastructure.AuthenticationTokenProvider.Receive(Microsoft.Owin.Security.Infrastructure.AuthenticationTokenReceiveContext)"></member>
    <member name="M:Microsoft.Owin.Security.Infrastructure.AuthenticationTokenProvider.ReceiveAsync(Microsoft.Owin.Security.Infrastructure.AuthenticationTokenReceiveContext)"></member>
    <member name="T:Microsoft.Owin.Security.Infrastructure.AuthenticationTokenReceiveContext"></member>
    <member name="M:Microsoft.Owin.Security.Infrastructure.AuthenticationTokenReceiveContext.#ctor(Microsoft.Owin.IOwinContext,Microsoft.Owin.Security.ISecureDataFormat{Microsoft.Owin.Security.AuthenticationTicket},System.String)"></member>
    <member name="M:Microsoft.Owin.Security.Infrastructure.AuthenticationTokenReceiveContext.DeserializeTicket(System.String)"></member>
    <member name="M:Microsoft.Owin.Security.Infrastructure.AuthenticationTokenReceiveContext.SetTicket(Microsoft.Owin.Security.AuthenticationTicket)"></member>
    <member name="P:Microsoft.Owin.Security.Infrastructure.AuthenticationTokenReceiveContext.Ticket"></member>
    <member name="P:Microsoft.Owin.Security.Infrastructure.AuthenticationTokenReceiveContext.Token"></member>
    <member name="T:Microsoft.Owin.Security.Infrastructure.IAuthenticationTokenProvider"></member>
    <member name="M:Microsoft.Owin.Security.Infrastructure.IAuthenticationTokenProvider.Create(Microsoft.Owin.Security.Infrastructure.AuthenticationTokenCreateContext)"></member>
    <member name="M:Microsoft.Owin.Security.Infrastructure.IAuthenticationTokenProvider.CreateAsync(Microsoft.Owin.Security.Infrastructure.AuthenticationTokenCreateContext)"></member>
    <member name="M:Microsoft.Owin.Security.Infrastructure.IAuthenticationTokenProvider.Receive(Microsoft.Owin.Security.Infrastructure.AuthenticationTokenReceiveContext)"></member>
    <member name="M:Microsoft.Owin.Security.Infrastructure.IAuthenticationTokenProvider.ReceiveAsync(Microsoft.Owin.Security.Infrastructure.AuthenticationTokenReceiveContext)"></member>
    <member name="T:Microsoft.Owin.Security.Infrastructure.SecurityHelper">
      <summary>Código de la aplicación auxiliar que se usa al implementar middleware de autenticación</summary>
    </member>
    <member name="M:Microsoft.Owin.Security.Infrastructure.SecurityHelper.#ctor(Microsoft.Owin.IOwinContext)">
      <summary>Código de la aplicación auxiliar que se usa al implementar middleware de autenticación</summary>
    </member>
    <member name="M:Microsoft.Owin.Security.Infrastructure.SecurityHelper.AddUserIdentity(System.Security.Principal.IIdentity)">
      <summary>Agrega un objeto ClaimsIdentity adicional al objeto ClaimsPrincipal en la clave de entorno "server.User"</summary>
    </member>
    <member name="M:Microsoft.Owin.Security.Infrastructure.SecurityHelper.Equals(Microsoft.Owin.Security.Infrastructure.SecurityHelper)"></member>
    <member name="M:Microsoft.Owin.Security.Infrastructure.SecurityHelper.Equals(System.Object)"></member>
    <member name="M:Microsoft.Owin.Security.Infrastructure.SecurityHelper.GetHashCode"></member>
    <member name="M:Microsoft.Owin.Security.Infrastructure.SecurityHelper.LookupChallenge(System.String,Microsoft.Owin.Security.AuthenticationMode)">
      <summary>Busca los detalles del desafío de respuesta para un middleware de autenticación concreto</summary>
      <returns>Información que indica el comportamiento del middleware</returns>
      <param name="authenticationType">Tipo de autenticación que se va a buscar</param>
      <param name="authenticationMode">Modo de autenticación en el que se ejecuta el middleware</param>
    </member>
    <member name="M:Microsoft.Owin.Security.Infrastructure.SecurityHelper.LookupSignIn(System.String)">
      <summary>Busca los detalles de inicio de sesión de respuesta para un middleware de autenticación concreto</summary>
      <returns>Información que indica el comportamiento del middleware</returns>
      <param name="authenticationType">Tipo de autenticación que se va a buscar</param>
    </member>
    <member name="M:Microsoft.Owin.Security.Infrastructure.SecurityHelper.LookupSignOut(System.String,Microsoft.Owin.Security.AuthenticationMode)">
      <summary>Busca los detalles de cierre de sesión de respuesta para un middleware de autenticación concreto</summary>
      <returns>Información que indica el comportamiento del middleware</returns>
      <param name="authenticationType">Tipo de autenticación que se va a buscar</param>
      <param name="authenticationMode">Modo de autenticación en el que se ejecuta el middleware</param>
    </member>
    <member name="M:Microsoft.Owin.Security.Infrastructure.SecurityHelper.op_Equality(Microsoft.Owin.Security.Infrastructure.SecurityHelper,Microsoft.Owin.Security.Infrastructure.SecurityHelper)"></member>
    <member name="M:Microsoft.Owin.Security.Infrastructure.SecurityHelper.op_Inequality(Microsoft.Owin.Security.Infrastructure.SecurityHelper,Microsoft.Owin.Security.Infrastructure.SecurityHelper)"></member>
    <member name="T:Microsoft.Owin.Security.Notifications.AuthenticationFailedNotification`2">
      <typeparam name="TMessage"></typeparam>
      <typeparam name="TOptions"></typeparam>
    </member>
    <member name="M:Microsoft.Owin.Security.Notifications.AuthenticationFailedNotification`2.#ctor(Microsoft.Owin.IOwinContext,`1)"></member>
    <member name="P:Microsoft.Owin.Security.Notifications.AuthenticationFailedNotification`2.Exception"></member>
    <member name="P:Microsoft.Owin.Security.Notifications.AuthenticationFailedNotification`2.ProtocolMessage"></member>
    <member name="T:Microsoft.Owin.Security.Notifications.BaseNotification`1">
      <typeparam name="TOptions"></typeparam>
    </member>
    <member name="M:Microsoft.Owin.Security.Notifications.BaseNotification`1.#ctor(Microsoft.Owin.IOwinContext,`0)"></member>
    <member name="P:Microsoft.Owin.Security.Notifications.BaseNotification`1.HandledResponse"></member>
    <member name="M:Microsoft.Owin.Security.Notifications.BaseNotification`1.HandleResponse">
      <summary>Interrumpe todo el procesamiento para esta solicitud y vuelve al cliente.El llamador es el responsable de generar la respuesta completa.</summary>
    </member>
    <member name="P:Microsoft.Owin.Security.Notifications.BaseNotification`1.Skipped"></member>
    <member name="M:Microsoft.Owin.Security.Notifications.BaseNotification`1.SkipToNextMiddleware">
      <summary>Interrumpe el procesamiento de la solicitud en el middleware actual y pasa el control al siguiente elemento.</summary>
    </member>
    <member name="P:Microsoft.Owin.Security.Notifications.BaseNotification`1.State"></member>
    <member name="T:Microsoft.Owin.Security.Notifications.MessageReceivedNotification`2">
      <typeparam name="TMessage"></typeparam>
      <typeparam name="TOptions"></typeparam>
    </member>
    <member name="M:Microsoft.Owin.Security.Notifications.MessageReceivedNotification`2.#ctor(Microsoft.Owin.IOwinContext,`1)"></member>
    <member name="P:Microsoft.Owin.Security.Notifications.MessageReceivedNotification`2.ProtocolMessage"></member>
    <member name="T:Microsoft.Owin.Security.Notifications.NotificationResultState"></member>
    <member name="F:Microsoft.Owin.Security.Notifications.NotificationResultState.Continue">
      <summary>Continúa con el procesamiento normal.</summary>
    </member>
    <member name="F:Microsoft.Owin.Security.Notifications.NotificationResultState.HandledResponse">
      <summary>Interrumpe todo el procesamiento para esta solicitud.</summary>
    </member>
    <member name="F:Microsoft.Owin.Security.Notifications.NotificationResultState.Skipped">
      <summary>Interrumpe el procesamiento de la solicitud en el middleware actual y pasa el control al siguiente elemento.</summary>
    </member>
    <member name="T:Microsoft.Owin.Security.Notifications.RedirectToIdentityProviderNotification`2">
      <typeparam name="TMessage"></typeparam>
      <typeparam name="TOptions"></typeparam>
    </member>
    <member name="M:Microsoft.Owin.Security.Notifications.RedirectToIdentityProviderNotification`2.#ctor(Microsoft.Owin.IOwinContext,`1)"></member>
    <member name="P:Microsoft.Owin.Security.Notifications.RedirectToIdentityProviderNotification`2.HandledResponse"></member>
    <member name="M:Microsoft.Owin.Security.Notifications.RedirectToIdentityProviderNotification`2.HandleResponse">
      <summary>Interrumpe todo el procesamiento para esta solicitud y vuelve al cliente.El llamador es el responsable de generar la respuesta completa.</summary>
    </member>
    <member name="P:Microsoft.Owin.Security.Notifications.RedirectToIdentityProviderNotification`2.ProtocolMessage"></member>
    <member name="P:Microsoft.Owin.Security.Notifications.RedirectToIdentityProviderNotification`2.State"></member>
    <member name="T:Microsoft.Owin.Security.Notifications.SecurityTokenReceivedNotification`2">
      <typeparam name="TMessage"></typeparam>
      <typeparam name="TOptions"></typeparam>
    </member>
    <member name="M:Microsoft.Owin.Security.Notifications.SecurityTokenReceivedNotification`2.#ctor(Microsoft.Owin.IOwinContext,`1)"></member>
    <member name="P:Microsoft.Owin.Security.Notifications.SecurityTokenReceivedNotification`2.ProtocolMessage"></member>
    <member name="T:Microsoft.Owin.Security.Notifications.SecurityTokenValidatedNotification`2">
      <typeparam name="TMessage"></typeparam>
      <typeparam name="TOptions"></typeparam>
    </member>
    <member name="M:Microsoft.Owin.Security.Notifications.SecurityTokenValidatedNotification`2.#ctor(Microsoft.Owin.IOwinContext,`1)"></member>
    <member name="P:Microsoft.Owin.Security.Notifications.SecurityTokenValidatedNotification`2.AuthenticationTicket">
      <summary>Obtiene o establece <see cref="P:Microsoft.Owin.Security.Notifications.SecurityTokenValidatedNotification`2.AuthenticationTicket" />.</summary>
    </member>
    <member name="P:Microsoft.Owin.Security.Notifications.SecurityTokenValidatedNotification`2.ProtocolMessage">
      <summary>Obtiene o establece el mensaje de protocolo.</summary>
    </member>
    <member name="T:Microsoft.Owin.Security.Provider.BaseContext">
      <summary>Representa un contexto base.</summary>
    </member>
    <member name="M:Microsoft.Owin.Security.Provider.BaseContext.#ctor(Microsoft.Owin.IOwinContext)"></member>
    <member name="P:Microsoft.Owin.Security.Provider.BaseContext.OwinContext"></member>
    <member name="P:Microsoft.Owin.Security.Provider.BaseContext.Request"></member>
    <member name="P:Microsoft.Owin.Security.Provider.BaseContext.Response"></member>
    <member name="T:Microsoft.Owin.Security.Provider.BaseContext`1">
      <summary>Clase base usada para ciertos contextos de evento</summary>
      <typeparam name="TOptions"></typeparam>
    </member>
    <member name="M:Microsoft.Owin.Security.Provider.BaseContext`1.#ctor(Microsoft.Owin.IOwinContext,`0)"></member>
    <member name="P:Microsoft.Owin.Security.Provider.BaseContext`1.Options"></member>
    <member name="P:Microsoft.Owin.Security.Provider.BaseContext`1.OwinContext"></member>
    <member name="P:Microsoft.Owin.Security.Provider.BaseContext`1.Request"></member>
    <member name="P:Microsoft.Owin.Security.Provider.BaseContext`1.Response"></member>
    <member name="T:Microsoft.Owin.Security.Provider.EndpointContext">
      <summary>Representa un contacto de extremo.</summary>
    </member>
    <member name="M:Microsoft.Owin.Security.Provider.EndpointContext.#ctor(Microsoft.Owin.IOwinContext)"></member>
    <member name="P:Microsoft.Owin.Security.Provider.EndpointContext.IsRequestCompleted">
      <summary>Obtiene o establece un valor que indica si la solicitud de este contexto se ha completado.</summary>
      <returns>true si la solicitud de este contexto se ha completado; de lo contrario, false.</returns>
    </member>
    <member name="M:Microsoft.Owin.Security.Provider.EndpointContext.RequestCompleted">
      <summary>Indica la solicitud completada del contexto.</summary>
    </member>
    <member name="T:Microsoft.Owin.Security.Provider.EndpointContext`1">
      <summary>Clase base usada para ciertos contextos de evento</summary>
      <typeparam name="TOptions"></typeparam>
    </member>
    <member name="M:Microsoft.Owin.Security.Provider.EndpointContext`1.#ctor(Microsoft.Owin.IOwinContext,`0)">
      <summary>Crea una instancia de este contexto.</summary>
    </member>
    <member name="P:Microsoft.Owin.Security.Provider.EndpointContext`1.IsRequestCompleted">
      <summary>True si otros componentes no deben seguir procesando la solicitud.</summary>
    </member>
    <member name="M:Microsoft.Owin.Security.Provider.EndpointContext`1.RequestCompleted">
      <summary>Impide que otros componentes sigan procesando la solicitud.Después de la llamada, IsRequestCompleted es true.</summary>
    </member>
    <member name="T:Microsoft.Owin.Security.Provider.ReturnEndpointContext">
      <summary>Representa el contexto del extremo devuelto.</summary>
    </member>
    <member name="M:Microsoft.Owin.Security.Provider.ReturnEndpointContext.#ctor(Microsoft.Owin.IOwinContext,Microsoft.Owin.Security.AuthenticationTicket)"></member>
    <member name="P:Microsoft.Owin.Security.Provider.ReturnEndpointContext.Identity">
      <summary>Obtiene o establece la identidad de este contexto.</summary>
      <returns>Identidad de este contexto.</returns>
    </member>
    <member name="P:Microsoft.Owin.Security.Provider.ReturnEndpointContext.Properties"></member>
    <member name="P:Microsoft.Owin.Security.Provider.ReturnEndpointContext.RedirectUri">
      <summary>Obtiene o establece el URI que debe usarse cuando se devuelve este contexto.</summary>
      <returns>URI que debe usarse cuando se devuelve este contexto.</returns>
    </member>
    <member name="P:Microsoft.Owin.Security.Provider.ReturnEndpointContext.SignInAsAuthenticationType">
      <summary>Obtiene o establece el contexto que inicia sesión como tipo de autenticación.</summary>
      <returns>Contexto que inicia sesión como tipo de autenticación.</returns>
    </member>
  </members>
</doc>